Date,Open,High,Low,Close,Volume,MarketCap
2-Jan-18,13625.00,15444.60,13163.60,14982.10,16846600192.00,251377913955.00
3-Jan-18,14978.20,15572.80,14844.50,15201.00,16871900160.00,255080562912.00
4-Jan-18,15270.70,15739.70,14522.20,15599.20,21783199744.00,261795321110.00
5-Jan-18,15477.20,17705.20,15202.80,17429.50,23840899072.00,292544135538.00
6-Jan-18,17462.10,17712.40,16764.60,17527.00,18314600448.00,294217423675.00
7-Jan-18,17527.30,17579.60,16087.70,16477.60,15866000384.00,276634797271.00
8-Jan-18,16476.20,16537.90,14208.20,15170.10,18413899776.00,254715263101.00
9-Jan-18,15123.70,15497.50,14424.00,14595.40,16659999744.00,245095808695.00
10-Jan-18,14588.50,14973.30,13691.20,14973.30,18500800512.00,251472635522.00
11-Jan-18,14968.20,15018.80,13105.90,13405.80,16534099968.00,225178724050.00
12-Jan-18,13453.90,14229.90,13158.10,13980.60,12065699840.00,234865160377.00
13-Jan-18,13952.40,14659.50,13952.40,14360.20,12763599872.00,241268592240.00
14-Jan-18,14370.80,14511.80,13268.00,13772.00,11084099584.00,231413491364.00
15-Jan-18,13767.30,14445.50,13641.70,13819.80,12750799872.00,232242775485.00
16-Jan-18,13836.10,13843.10,10194.90,11490.50,18853799936.00,193121120762.00
17-Jan-18,11431.10,11678.00,9402.29,11188.60,18830600192.00,188070430523.00
18-Jan-18,11198.80,12107.30,10942.50,11474.90,15020399616.00,192907550324.00
19-Jan-18,11429.80,11992.80,11172.10,11607.40,10740400128.00,195158837709.00
20-Jan-18,11656.20,13103.00,11656.20,12899.20,11801700352.00,216907619830.00
21-Jan-18,12889.20,12895.90,11288.20,11600.10,9935179776.00,195089460991.00
22-Jan-18,11633.10,11966.40,10240.20,10931.40,10537400320.00,183866421285.00
23-Jan-18,10944.50,11377.60,10129.70,10868.40,9660609536.00,182830257191.00
24-Jan-18,10903.40,11501.40,10639.80,11359.40,9940989952.00,191115225673.00
25-Jan-18,11421.70,11785.70,11057.40,11259.40,8873169920.00,189455303273.00
26-Jan-18,11256.00,11656.70,10470.30,11171.40,9746199552.00,187995804677.00
27-Jan-18,11174.90,11614.90,10989.20,11440.70,7583269888.00,192550550498.00
28-Jan-18,11475.30,12040.30,11475.30,11786.30,8350360064.00,198389948175.00
29-Jan-18,11755.50,11875.60,11179.20,11296.40,7107359744.00,190164444830.00
30-Jan-18,11306.80,11307.20,10036.20,10106.30,8637859840.00,170151556678.00
31-Jan-18,10108.20,10381.60,9777.42,10221.10,8041160192.00,172099559942.00
1-Feb-18,10237.30,10288.80,8812.28,9170.54,9959400448.00,154428564694.00
2-Feb-18,9142.28,9142.28,7796.49,8830.75,12726899712.00,148725283812.00
3-Feb-18,8852.12,9430.75,8251.63,9174.91,7263790080.00,154540000411.00
4-Feb-18,9175.70,9334.87,8031.22,8277.01,7073549824.00,139433682759.00
5-Feb-18,8270.54,8364.84,6756.68,6955.27,9285289984.00,117184385122.00
6-Feb-18,7051.75,7850.70,6048.26,7754.00,13999800320.00,130658094648.00
7-Feb-18,7755.49,8509.11,7236.79,7621.30,9169280000.00,128435001186.00
8-Feb-18,7637.86,8558.77,7637.86,8265.59,9346750464.00,139306699929.00
9-Feb-18,8271.84,8736.98,7884.71,8736.98,6784820224.00,147266052809.00
10-Feb-18,8720.08,9122.55,8295.47,8621.90,7780960256.00,145341842785.00
11-Feb-18,8616.13,8616.13,7931.10,8129.97,6122189824.00,137064586975.00
12-Feb-18,8141.43,8985.92,8141.43,8926.57,6256439808.00,150513128412.00
13-Feb-18,8926.72,8958.47,8455.41,8598.31,5696719872.00,144995984203.00
14-Feb-18,8599.92,9518.54,8599.92,9494.63,7909819904.00,160131558835.00
15-Feb-18,9488.32,10234.80,9395.58,10166.40,9062540288.00,171477807437.00
16-Feb-18,10135.70,10324.10,9824.82,10233.90,7296159744.00,172637061144.00
17-Feb-18,10207.50,11139.50,10149.40,11112.70,8660880384.00,187482083882.00
18-Feb-18,11123.40,11349.80,10326.00,10551.80,8744009728.00,178040648022.00
19-Feb-18,10552.60,11273.80,10513.20,11225.30,7652089856.00,189426791571.00
20-Feb-18,11231.80,11958.50,11231.80,11403.70,9926540288.00,192457815912.00
21-Feb-18,11372.20,11418.50,10479.10,10690.40,9405339648.00,180442459820.00
22-Feb-18,10660.40,11039.10,9939.09,10005.00,8040079872.00,168892273935.00
23-Feb-18,9937.07,10487.30,9734.56,10301.10,7739500032.00,173909350860.00
24-Feb-18,10287.70,10597.20,9546.97,9813.07,6917929984.00,165687799108.00
25-Feb-18,9796.42,9923.22,9407.06,9664.73,5706939904.00,163204062358.00
26-Feb-18,9669.43,10475.00,9501.73,10366.70,7287690240.00,175076064010.00
27-Feb-18,10393.90,10878.50,10246.10,10725.60,6966179840.00,181158869820.00
28-Feb-18,10687.20,11089.80,10393.10,10397.90,6936189952.00,175644310997.00
1-Mar-18,10385.00,11052.30,10352.70,10951.00,7317279744.00,185009753075.00
2-Mar-18,10977.40,11189.00,10850.10,11086.40,7620590080.00,187318996197.00
3-Mar-18,11101.90,11528.20,11002.40,11489.70,6690570240.00,194159120569.00
4-Mar-18,11497.40,11512.60,11136.10,11512.60,6084149760.00,194567395376.00
5-Mar-18,11532.40,11704.10,11443.90,11573.30,6468539904.00,195614809925.00
6-Mar-18,11500.10,11500.10,10694.30,10779.90,6832169984.00,182225316082.00
7-Mar-18,10803.90,10929.50,9692.12,9965.57,8797910016.00,168479670395.00
8-Mar-18,9951.44,10147.40,9335.87,9395.01,7186089984.00,158852238332.00
9-Mar-18,9414.69,9466.35,8513.03,9337.55,8704190464.00,157898203939.00
10-Mar-18,9350.59,9531.32,8828.47,8866.00,5386319872.00,149939797150.00
11-Mar-18,8852.78,9711.89,8607.12,9578.63,6296370176.00,162009710243.00
12-Mar-18,9602.93,9937.50,8956.43,9205.12,6457399808.00,155710928717.00
13-Mar-18,9173.04,9470.38,8958.19,9194.85,5991139840.00,155555594312.00
14-Mar-18,9214.65,9355.85,8068.59,8269.81,6438230016.00,139920843550.00
15-Mar-18,8290.76,8428.35,7783.05,8300.86,6834429952.00,140460819364.00
16-Mar-18,8322.91,8585.15,8005.31,8338.35,5289379840.00,141111773179.00
17-Mar-18,8321.91,8346.53,7812.82,7916.88,4426149888.00,133993486925.00
18-Mar-18,7890.52,8245.51,7397.99,8223.68,6639190016.00,139201713268.00
19-Mar-18,8344.12,8675.87,8182.40,8630.65,6729110016.00,146107514353.00
20-Mar-18,8619.67,9051.02,8389.89,8913.47,6361789952.00,150909503835.00
21-Mar-18,8937.48,9177.37,8846.33,8929.28,6043129856.00,151193917440.00
22-Mar-18,8939.44,9100.71,8564.90,8728.47,5530390016.00,147809220250.00
23-Mar-18,8736.25,8879.62,8360.62,8879.62,5954120192.00,150383574951.00
24-Mar-18,8901.95,8996.18,8665.70,8668.12,5664600064.00,146818882936.00
25-Mar-18,8612.81,8682.01,8449.10,8495.78,4569880064.00,143914265310.00
26-Mar-18,8498.47,8530.08,7921.43,8209.40,5921039872.00,139078211968.00
27-Mar-18,8200.00,8232.78,7797.28,7833.04,5378250240.00,132717053150.00
28-Mar-18,7836.83,8122.89,7809.17,7954.48,4935289856.00,134788265876.00
29-Mar-18,7979.07,7994.33,7081.38,7165.70,6361229824.00,121436043045.00
30-Mar-18,7171.45,7276.66,6683.93,6890.52,6289509888.00,116786562165.00
31-Mar-18,6892.48,7207.85,6863.52,6973.53,4553269760.00,118204645927.00
1-Apr-18,7003.06,7060.95,6526.87,6844.23,4532100096.00,116026809075.00
2-Apr-18,6844.86,7135.47,6816.58,7083.80,4333440000.00,120101932910.00
3-Apr-18,7102.26,7530.94,7072.49,7456.11,5499700224.00,126429245883.00
4-Apr-18,7456.41,7469.88,6803.88,6853.84,4936000000.00,116229557118.00
5-Apr-18,6848.65,6933.82,6644.80,6811.47,5639320064.00,115524404354.00
6-Apr-18,6815.96,6857.49,6575.00,6636.32,3766810112.00,112565173568.00
7-Apr-18,6630.51,7050.54,6630.51,6911.09,3976610048.00,117241368688.00
8-Apr-18,6919.98,7111.56,6919.98,7023.52,3652499968.00,119162880482.00
9-Apr-18,7044.32,7178.11,6661.99,6770.73,4894060032.00,114886335694.00
10-Apr-18,6795.44,6872.41,6704.15,6834.76,4272750080.00,115978358964.00
11-Apr-18,6843.47,6968.32,6817.59,6968.32,4641889792.00,118267198080.00
12-Apr-18,6955.38,7899.23,6806.51,7889.25,8906250240.00,133912618634.00
13-Apr-18,7901.09,8183.96,7758.93,7895.96,7764460032.00,134043001354.00
14-Apr-18,7874.67,8140.71,7846.00,7986.24,5191430144.00,135589384440.00
15-Apr-18,7999.33,8338.42,7999.33,8329.11,5244480000.00,141427138383.00
16-Apr-18,8337.57,8371.15,7925.73,8058.67,5631309824.00,136849408643.00
17-Apr-18,8071.66,8285.96,7881.72,7902.09,6900879872.00,134206623206.00
18-Apr-18,7944.43,8197.80,7886.01,8163.42,6529909760.00,138661092884.00
19-Apr-18,8159.27,8298.69,8138.78,8294.31,7063209984.00,140902801023.00
20-Apr-18,8286.88,8880.23,8244.54,8845.83,8438110208.00,150287113368.00
21-Apr-18,8848.79,8997.57,8652.15,8895.58,7548550144.00,151150137128.00
22-Apr-18,8925.06,9001.64,8779.61,8802.46,6629899776.00,149585589886.00
23-Apr-18,8794.39,8958.55,8788.81,8930.88,6925190144.00,151784994312.00
24-Apr-18,8934.34,9732.61,8927.83,9697.50,10678800384.00,164833256250.00
25-Apr-18,9701.03,9745.32,8799.84,8845.74,11083100160.00,150369282696.00
26-Apr-18,8867.32,9281.51,8727.09,9281.51,8970559488.00,157793327246.00
27-Apr-18,9290.63,9375.47,8987.05,8987.05,7566289920.00,152802874822.00
28-Apr-18,8939.27,9412.09,8931.99,9348.48,7805479936.00,158963068374.00
29-Apr-18,9346.41,9531.49,9193.71,9419.08,8853000192.00,160182287342.00
30-Apr-18,9426.11,9477.14,9166.81,9240.55,8673920000.00,157163847314.00
1-May-18,9251.47,9255.88,8891.05,9119.01,7713019904.00,155114132125.00
2-May-18,9104.60,9256.52,9015.14,9235.92,7558159872.00,157119854754.00
3-May-18,9233.97,9798.33,9188.15,9743.86,10207299584.00,165778380092.00
4-May-18,9695.50,9779.20,9585.96,9700.76,8217829888.00,165062796742.00
5-May-18,9700.28,9964.50,9695.12,9858.15,7651939840.00,167759953654.00
6-May-18,9845.31,9940.14,9465.25,9654.80,7222280192.00,164316605278.00
7-May-18,9645.67,9665.85,9231.53,9373.01,7394019840.00,159538115686.00
8-May-18,9380.87,9462.75,9127.77,9234.82,7415869952.00,157202142973.00
9-May-18,9223.73,9374.76,9031.62,9325.18,7226890240.00,158758858205.00
10-May-18,9325.96,9396.04,9040.52,9043.94,6906699776.00,153988453198.00
11-May-18,9052.96,9052.96,8394.46,8441.49,8488520192.00,143743802092.00
12-May-18,8441.44,8664.86,8223.50,8504.89,6821380096.00,144841040789.00
13-May-18,8515.49,8773.55,8395.12,8723.94,5866379776.00,148587777457.00
14-May-18,8713.10,8881.12,8367.97,8716.79,7364149760.00,148480275422.00
15-May-18,8705.19,8836.19,8456.45,8510.38,6705710080.00,144979744412.00
16-May-18,8504.41,8508.43,8175.49,8368.83,6760220160.00,142587497878.00
17-May-18,8370.05,8445.54,8054.12,8094.32,5862530048.00,137923772714.00
18-May-18,8091.83,8274.12,7974.82,8250.97,5764190208.00,140607667610.00
19-May-18,8255.73,8372.06,8183.35,8247.18,4712399872.00,140559162894.00
20-May-18,8246.99,8562.41,8205.24,8513.25,5191059968.00,145109512565.00
21-May-18,8522.33,8557.52,8365.12,8418.99,5154990080.00,143518943480.00
22-May-18,8419.87,8423.25,8004.58,8041.78,5137010176.00,137104106176.00
23-May-18,8037.08,8054.66,7507.88,7557.82,6491120128.00,128868479514.00
24-May-18,7561.12,7738.60,7331.14,7587.34,6049220096.00,129385391552.00
25-May-18,7592.30,7659.14,7392.65,7480.14,4867829760.00,127573690458.00
26-May-18,7486.48,7595.16,7349.12,7355.88,4051539968.00,125469061263.00
27-May-18,7362.08,7381.74,7270.96,7368.22,4056519936.00,125695017596.00
28-May-18,7371.31,7419.05,7100.89,7135.99,5040600064.00,121747389422.00
29-May-18,7129.46,7526.42,7090.68,7472.59,5662660096.00,127502651064.00
30-May-18,7469.73,7573.77,7313.60,7406.52,4922540032.00,126391893474.00
31-May-18,7406.15,7608.90,7361.13,7494.17,5127130112.00,127902999390.00
1-Jun-18,7500.70,7604.73,7407.34,7541.45,4921460224.00,128725854692.00
2-Jun-18,7536.72,7695.83,7497.26,7643.45,4939299840.00,130481526036.00
3-Jun-18,7632.09,7754.89,7613.04,7720.25,4851760128.00,131808021256.00
4-Jun-18,7722.53,7753.82,7474.04,7514.47,4993169920.00,128312205314.00
5-Jun-18,7500.90,7643.23,7397.00,7633.76,4961739776.00,130365918088.00
6-Jun-18,7625.97,7680.43,7502.01,7653.98,4692259840.00,130725095161.00
7-Jun-18,7650.82,7741.27,7650.82,7678.24,4485799936.00,131153169176.00
8-Jun-18,7685.14,7698.19,7558.40,7624.92,4227579904.00,130256218613.00
9-Jun-18,7632.52,7683.58,7531.98,7531.98,3845220096.00,128682085689.00
10-Jun-18,7499.55,7499.55,6709.07,6786.02,5804839936.00,115948312827.00
11-Jun-18,6799.29,6910.18,6706.63,6906.92,4745269760.00,118025877189.00
12-Jun-18,6905.82,6907.96,6542.08,6582.36,4654380032.00,112491874164.00
13-Jun-18,6596.88,6631.66,6285.63,6349.90,5052349952.00,108530585830.00
14-Jun-18,6342.75,6707.14,6334.46,6675.35,5138710016.00,114106009748.00
15-Jun-18,6674.08,6681.08,6433.87,6456.58,3955389952.00,110378702283.00
16-Jun-18,6455.45,6592.49,6402.29,6550.16,3194170112.00,111992015616.00
17-Jun-18,6545.53,6589.11,6499.27,6499.27,3104019968.00,111134754810.00
18-Jun-18,6510.07,6781.14,6446.68,6734.82,4039200000.00,115176197712.00
19-Jun-18,6742.39,6822.50,6709.92,6769.94,4057029888.00,115789919278.00
20-Jun-18,6770.76,6821.56,6611.88,6776.55,3888640000.00,115916357344.00
21-Jun-18,6780.09,6810.94,6715.17,6729.74,3529129984.00,115129700024.00
22-Jun-18,6737.88,6747.08,6006.60,6083.69,5079810048.00,104088814967.00
23-Jun-18,6090.10,6224.82,6071.81,6162.48,3431360000.00,105449276520.00
24-Jun-18,6164.28,6223.78,5826.41,6173.23,4566909952.00,105646571668.00
25-Jun-18,6171.97,6327.37,6119.68,6249.18,5500810240.00,106958465208.00
26-Jun-18,6253.55,6290.16,6093.67,6093.67,3279759872.00,104307939200.00
27-Jun-18,6084.40,6180.00,6052.85,6157.13,3296219904.00,105403600614.00
28-Jun-18,6153.16,6170.41,5873.05,5903.44,3467800064.00,101072353482.00
29-Jun-18,5898.13,6261.66,5835.75,6218.30,3966230016.00,106474707240.00
30-Jun-18,6214.22,6465.51,6214.22,6404.00,4543860224.00,109665618200.00
1-Jul-18,6411.68,6432.85,6289.29,6385.82,4788259840.00,109366024632.00
2-Jul-18,6380.38,6683.86,6305.70,6614.18,4396930048.00,113288832522.00
3-Jul-18,6596.66,6671.37,6447.75,6529.59,4672309760.00,111849428104.00
4-Jul-18,6550.87,6771.92,6450.46,6597.55,4176689920.00,113024522547.00
5-Jul-18,6599.71,6749.54,6546.65,6639.14,4999240192.00,113748385620.00
6-Jul-18,6638.69,6700.94,6533.55,6673.50,4313959936.00,114350502582.00
7-Jul-18,6668.71,6863.99,6579.24,6856.93,3961080064.00,117506606000.00
8-Jul-18,6857.80,6885.91,6747.98,6773.88,3386210048.00,116097021279.00
9-Jul-18,6775.08,6838.68,6724.34,6741.75,3718129920.00,115557889495.00
10-Jul-18,6739.21,6767.74,6320.72,6329.95,4052430080.00,108511009626.00
11-Jul-18,6330.77,6444.96,6330.47,6394.71,3644859904.00,109631867446.00
12-Jul-18,6396.78,6397.10,6136.42,6228.81,3770170112.00,106798864820.00
13-Jul-18,6235.03,6310.55,6192.24,6238.05,3805400064.00,106968440793.00
14-Jul-18,6247.50,6298.19,6212.22,6276.12,2923670016.00,107631453835.00
15-Jul-18,6272.70,6403.46,6256.51,6359.64,3285459968.00,109074579938.00
16-Jul-18,6357.01,6741.75,6357.01,6741.75,4725799936.00,115638203962.00
17-Jul-18,6739.65,7387.24,6684.17,7321.04,5961950208.00,125588963706.00
18-Jul-18,7315.32,7534.99,7280.47,7370.78,6103410176.00,126458165406.00
19-Jul-18,7378.20,7494.46,7295.46,7466.86,5111629824.00,128122730711.00
20-Jul-18,7467.40,7594.67,7323.26,7354.13,4936869888.00,126202570251.00
21-Jul-18,7352.72,7437.64,7262.41,7419.29,3726609920.00,127333468174.00
22-Jul-18,7417.80,7537.95,7383.82,7418.49,3695460096.00,127336615249.00
23-Jul-18,7414.71,7771.50,7409.10,7711.11,5132480000.00,132375368459.00
24-Jul-18,7716.51,8424.27,7705.50,8424.27,7277689856.00,144634918474.00
25-Jul-18,8379.66,8416.87,8086.36,8181.39,5845400064.00,140482950401.00
26-Jul-18,8176.85,8290.33,7878.71,7951.58,4899089920.00,136553079708.00
27-Jul-18,7950.40,8262.66,7839.76,8165.01,5195879936.00,140235573607.00
28-Jul-18,8169.06,8222.85,8110.77,8192.15,3988750080.00,140716560550.00
29-Jul-18,8205.82,8272.26,8141.18,8218.46,4107190016.00,141185844808.00
30-Jul-18,8221.58,8235.50,7917.50,8180.48,5551400000.00,140547190784.00
31-Jul-18,8181.20,8181.53,7696.93,7780.44,5287530000.00,133688476220.00
1-Aug-18,7769.04,7769.04,7504.95,7624.91,4797620000.00,131030166771.00
2-Aug-18,7634.19,7712.77,7523.44,7567.15,4214110000.00,130052066760.00
3-Aug-18,7562.14,7562.14,7328.65,7434.39,4627150000.00,127785826655.00
4-Aug-18,7438.67,7497.49,6984.07,7032.85,4268390000.00,120899698889.00
5-Aug-18,7031.08,7102.77,6940.70,7068.48,3679110000.00,121526079384.00
6-Aug-18,7062.94,7166.55,6890.54,6951.80,3925900000.00,119531508535.00
7-Aug-18,6958.32,7146.56,6748.24,6753.12,4682800000.00,116128339800.00
8-Aug-18,6746.85,6746.85,6226.22,6305.80,5064430000.00,108448409560.00
9-Aug-18,6305.56,6625.73,6249.07,6568.23,4267040000.00,112973963230.00
10-Aug-18,6571.42,6591.26,6124.52,6184.71,4528680000.00,106390927598.00
11-Aug-18,6185.79,6455.74,6109.03,6295.73,4047850000.00,108314257212.00
12-Aug-18,6283.65,6409.85,6237.50,6322.69,5665250000.00,108790259014.00
13-Aug-18,6341.36,6537.05,6225.72,6297.57,4083980000.00,108369686635.00
14-Aug-18,6287.66,6287.94,5971.05,6199.71,5301700000.00,106696389129.00
15-Aug-18,6221.42,6588.49,6221.42,6308.52,4895450000.00,108581773101.00
16-Aug-18,6294.23,6473.50,6276.41,6334.73,4328420000.00,109045250379.00
17-Aug-18,6340.91,6582.50,6324.97,6580.63,4992990000.00,113290724406.00
18-Aug-18,6583.43,6617.35,6353.73,6423.76,3984520000.00,110603014928.00
19-Aug-18,6422.57,6537.98,6361.55,6506.07,3311170000.00,112031838393.00
20-Aug-18,6500.51,6536.92,6297.93,6308.53,3665100000.00,108642191682.00
21-Aug-18,6301.07,6500.87,6298.24,6488.76,3377180000.00,111758100192.00
22-Aug-18,6486.25,6816.79,6310.11,6376.71,4668110000.00,109840902181.00
23-Aug-18,6371.34,6546.54,6371.34,6534.88,3426180000.00,112577436411.00
24-Aug-18,6551.52,6719.96,6498.64,6719.96,4097820000.00,115778358839.00
25-Aug-18,6719.95,6789.63,6700.96,6763.19,3312600000.00,116534497933.00
26-Aug-18,6754.64,6774.75,6620.75,6707.26,3295500000.00,115585205491.00
27-Aug-18,6710.80,6884.64,6689.71,6884.64,4019000000.00,118657885712.00
28-Aug-18,6891.08,7109.56,6882.34,7096.28,4659940000.00,122319195736.00
29-Aug-18,7091.71,7113.30,6970.82,7047.16,4145880000.00,121484666374.00
30-Aug-18,7043.76,7072.69,6834.69,6978.23,4463250000.00,120309828156.00
31-Aug-18,6973.97,7057.17,6920.16,7037.58,4495650000.00,121346613238.00
1-Sep-18,7044.81,7242.29,7038.05,7193.25,4116050000.00,124044625438.00
2-Sep-18,7189.58,7306.31,7132.16,7272.72,4329540000.00,125427780027.00
3-Sep-18,7279.03,7317.94,7208.15,7260.06,4087760000.00,125222785390.00
4-Sep-18,7263.00,7388.26,7255.44,7361.66,4273640000.00,126986882925.00
5-Sep-18,7361.46,7388.43,6792.83,6792.83,5800460000.00,117185657641.00
6-Sep-18,6755.14,6755.14,6404.72,6529.17,5523470000.00,112649565532.00
7-Sep-18,6528.92,6555.29,6396.87,6467.07,4264680000.00,111590424587.00
8-Sep-18,6460.17,6534.25,6197.52,6225.98,3835060000.00,107442122871.00
9-Sep-18,6223.38,6446.26,6201.22,6300.86,3671890000.00,108747090915.00
10-Sep-18,6301.57,6374.98,6292.76,6329.70,3714100000.00,109255603474.00
11-Sep-18,6331.88,6398.92,6260.21,6321.20,3849910000.00,109119948884.00
12-Sep-18,6317.01,6363.87,6265.09,6351.80,4064230000.00,109661521297.00
13-Sep-18,6354.24,6535.41,6354.24,6517.31,4210910000.00,112530970182.00
14-Sep-18,6515.41,6596.10,6456.17,6512.71,4076220000.00,112462453186.00
15-Sep-18,6509.40,6561.72,6493.55,6543.20,3216300000.00,113000324618.00
16-Sep-18,6536.68,6544.33,6460.10,6517.18,3273730000.00,112562367224.00
17-Sep-18,6514.06,6540.21,6257.52,6281.20,3910780000.00,108497127334.00
18-Sep-18,6280.91,6384.18,6265.71,6371.30,4180090000.00,110064685348.00
19-Sep-18,6371.85,6448.46,6208.34,6398.54,4431340000.00,110547735544.00
20-Sep-18,6398.85,6529.26,6395.95,6519.67,4348110000.00,112653130183.00
21-Sep-18,6513.87,6794.33,6496.36,6734.95,6531940000.00,116385068032.00
22-Sep-18,6735.05,6814.56,6616.80,6721.98,4509660000.00,116173876360.00
23-Sep-18,6715.32,6766.15,6679.42,6710.63,4197500000.00,115990387532.00
24-Sep-18,6704.77,6713.56,6580.90,6595.41,4177310000.00,114011060309.00
25-Sep-18,6603.64,6603.64,6381.86,6446.47,4726180000.00,111450035114.00
26-Sep-18,6452.79,6585.91,6397.89,6495.00,4437300000.00,112300336125.00
27-Sep-18,6495.29,6712.10,6464.95,6676.75,4606810000.00,115454861756.00
28-Sep-18,6678.75,6785.03,6598.32,6644.13,5014430000.00,114903584220.00
29-Sep-18,6643.10,6643.10,6511.65,6601.96,4363690000.00,114186839964.00
30-Sep-18,6604.71,6643.78,6566.54,6625.56,4002280000.00,114608519470.00
1-Oct-18,6619.85,6653.30,6549.08,6589.62,4000970000.00,113999846113.00
2-Oct-18,6593.24,6611.84,6537.90,6556.10,3979260000.00,113431019760.00
3-Oct-18,6553.86,6571.46,6454.03,6502.59,3887310000.00,112516993837.00
4-Oct-18,6497.91,6603.31,6497.91,6576.69,3838410000.00,113811343543.00
5-Oct-18,6574.15,6623.62,6557.41,6622.48,3671500000.00,114614764674.00
6-Oct-18,6622.45,6628.54,6577.80,6588.31,3259740000.00,114033598927.00
7-Oct-18,6590.68,6641.49,6557.04,6602.95,3306630000.00,114298880311.00
8-Oct-18,6600.19,6675.06,6576.04,6652.23,3979460000.00,115162906843.00
9-Oct-18,6653.08,6661.41,6606.94,6642.64,3580810000.00,115007759484.00
10-Oct-18,6640.29,6640.29,6538.96,6585.53,3787650000.00,114030835912.00
11-Oct-18,6586.74,6586.74,6243.74,6256.24,5181640000.00,108341572839.00
12-Oct-18,6239.25,6328.50,6236.47,6274.58,3783500000.00,108669526315.00
13-Oct-18,6278.08,6308.51,6259.81,6285.99,3064030000.00,108878136724.00
14-Oct-18,6288.49,6363.21,6280.15,6290.93,3085320000.00,108972590373.00
15-Oct-18,6292.64,6965.06,6258.68,6596.54,7370770000.00,114280022340.00
16-Oct-18,6601.41,6673.59,6571.37,6596.11,4074800000.00,114283707152.00
17-Oct-18,6590.52,6601.21,6517.45,6544.43,4088420000.00,113399343801.00
18-Oct-18,6542.33,6567.54,6450.04,6476.71,3924080000.00,112237252159.00
19-Oct-18,6478.07,6493.68,6445.31,6465.41,3578870000.00,112052990522.00
20-Oct-18,6460.92,6497.72,6449.00,6489.19,3379130000.00,112476559221.00
21-Oct-18,6490.09,6556.38,6476.00,6482.35,3253610000.00,112369106369.00
22-Oct-18,6486.05,6543.80,6462.98,6487.16,3672860000.00,112465213723.00
23-Oct-18,6472.36,6506.01,6451.27,6475.74,3716150000.00,112279779884.00
24-Oct-18,6478.89,6521.99,6468.86,6495.84,3424670000.00,112637293966.00
25-Oct-18,6484.65,6504.65,6447.03,6476.29,3230550000.00,112309554478.00
26-Oct-18,6468.44,6498.29,6449.61,6474.75,3306050000.00,112294341019.00
27-Oct-18,6480.84,6507.41,6453.53,6480.38,3393250000.00,112403001148.00
28-Oct-18,6482.66,6502.28,6447.91,6486.39,3445190000.00,112518434372.00
29-Oct-18,6492.35,6503.60,6306.99,6332.63,4199910000.00,109862898081.00
30-Oct-18,6337.04,6364.99,6310.14,6334.27,3781100000.00,109903543419.00
31-Oct-18,6336.99,6349.16,6316.88,6317.61,4191240000.00,109627117226.00
1-Nov-18,6318.14,6547.14,6311.83,6377.78,3789400000.00,110683820788.00
2-Nov-18,6378.92,6396.86,6327.38,6388.44,4234870000.00,110880236966.00
3-Nov-18,6387.24,6400.07,6342.37,6361.26,3658640000.00,110421212888.00
4-Nov-18,6365.47,6388.63,6294.57,6376.13,4390020000.00,110689215104.00
5-Nov-18,6363.62,6480.59,6363.62,6419.66,4174800000.00,111456211022.00
6-Nov-18,6433.38,6463.55,6408.16,6461.01,4700040000.00,112095603776.00
7-Nov-18,6468.50,6552.16,6468.31,6530.14,4941260000.00,113395632955.00
8-Nov-18,6522.27,6536.92,6438.53,6453.72,4665260000.00,112078367037.00
9-Nov-18,6442.60,6456.46,6373.37,6385.62,4346820000.00,110905767441.00
10-Nov-18,6386.13,6437.28,6385.31,6409.22,3705320000.00,111326145314.00
11-Nov-18,6413.63,6423.25,6350.17,6411.27,3939060000.00,111373453740.00
12-Nov-18,6411.76,6434.21,6360.47,6371.27,4295770000.00,110689666528.00
13-Nov-18,6373.19,6395.27,6342.67,6359.49,4503800000.00,110494466204.00
14-Nov-18,6351.24,6371.55,5544.09,5738.35,7398940000.00,99712077259.00
15-Nov-18,5736.15,5774.82,5358.38,5648.03,7032140000.00,98151606541.00
16-Nov-18,5645.32,5657.02,5498.94,5575.55,5279320000.00,96900828780.00
17-Nov-18,5578.58,5578.58,5519.56,5554.33,4303150000.00,96542098114.00
18-Nov-18,5559.74,5653.61,5559.74,5623.54,4159680000.00,97753714643.00
19-Nov-18,5620.78,5620.78,4842.91,4871.49,7039560000.00,84688539692.00
20-Nov-18,4863.93,4951.61,4272.11,4451.87,8428290000.00,77401044320.00
21-Nov-18,4465.54,4675.73,4343.98,4602.17,6120120000.00,80020171047.00
22-Nov-18,4611.57,4629.64,4365.64,4365.94,4569370000.00,75919439809.00
23-Nov-18,4360.70,4396.42,4195.68,4347.11,4871490000.00,75598851166.00
24-Nov-18,4347.69,4413.09,3795.16,3880.76,4679500000.00,67495633205.00
25-Nov-18,3880.78,4120.87,3585.06,4009.97,6825640000.00,69749265801.00
26-Nov-18,4015.07,4107.14,3643.92,3779.13,6476900000.00,65739289046.00
27-Nov-18,3765.95,3862.96,3661.01,3820.72,5998720000.00,66468970322.00
28-Nov-18,3822.47,4385.90,3822.47,4257.42,7280280000.00,74072560088.00
29-Nov-18,4269.00,4413.02,4145.77,4278.85,6503347767.00,74451016927.00
30-Nov-18,4289.09,4322.98,3942.82,4017.27,6048016717.00,69904637061.00
1-Dec-18,4024.46,4309.38,3969.71,4214.67,5375314093.00,73346194969.00
2-Dec-18,4200.73,4301.52,4110.98,4139.88,5262697895.00,72050487506.00
3-Dec-18,4147.32,4155.98,3840.45,3894.13,5089570994.00,67779050170.00
4-Dec-18,3886.29,4075.63,3832.75,3956.89,5028069239.00,68878292608.00
5-Dec-18,3958.89,3969.54,3753.99,3753.99,5302481574.00,65352496336.00
6-Dec-18,3754.07,3874.97,3521.10,3521.10,5878333109.00,61303965508.00
7-Dec-18,3512.59,3512.59,3280.23,3419.94,6835615448.00,59547645578.00
8-Dec-18,3421.91,3506.04,3350.65,3476.11,5305024497.00,60531278392.00
9-Dec-18,3473.23,3685.31,3469.09,3614.23,4947372847.00,62942160928.00
10-Dec-18,3612.05,3647.33,3470.14,3502.66,5020968740.00,61004445982.00
11-Dec-18,3497.55,3513.18,3392.25,3424.59,4696765188.00,59650201102.00
12-Dec-18,3421.46,3534.23,3413.48,3486.95,4139364829.00,60741625426.00
13-Dec-18,3487.88,3489.74,3298.13,3313.68,4343372456.00,57728688216.00
14-Dec-18,3311.75,3329.56,3206.54,3242.48,4372763663.00,56494379457.00
15-Dec-18,3244.00,3275.38,3191.30,3236.76,3551763561.00,56400691425.00
16-Dec-18,3236.27,3305.75,3233.82,3252.84,3744248994.00,56685436644.00
17-Dec-18,3253.12,3597.92,3253.12,3545.86,5409247918.00,61798926687.00
18-Dec-18,3544.76,3701.35,3487.17,3696.06,5911325473.00,64422587801.00
19-Dec-18,3706.82,3949.32,3687.23,3745.95,6810689119.00,65299132785.00
20-Dec-18,3742.20,4191.23,3728.97,4134.44,8927129279.00,72078243771.00
21-Dec-18,4133.70,4198.43,3850.95,3896.54,7206015706.00,67937650255.00
22-Dec-18,3898.08,4014.18,3855.74,4014.18,5605823233.00,69997508295.00
23-Dec-18,4020.99,4085.72,3976.41,3998.98,6151275490.00,69741217417.00
24-Dec-18,4000.33,4271.79,4000.33,4078.60,7240968501.00,71137548589.00
25-Dec-18,4081.03,4089.56,3760.02,3815.49,6158207293.00,66556033172.00
26-Dec-18,3819.67,3893.36,3769.86,3857.30,5326547918.00,67292819465.00
27-Dec-18,3854.69,3874.42,3645.45,3654.83,5130222366.00,63768757101.00
28-Dec-18,3653.13,3956.14,3642.63,3923.92,5631554348.00,68471837969.00
29-Dec-18,3932.49,3963.76,3820.41,3820.41,4991655917.00,66672244158.00
30-Dec-18,3822.38,3901.91,3797.22,3865.95,4770578575.00,67475512827.00
31-Dec-18,3866.84,3868.74,3725.87,3742.70,4661840806.00,65331499158.00
1-Jan-19,3746.71,3850.91,3707.23,3843.52,4324200990.00,67098634181.00